Feature,Importance
Cl_Tx_Obs,0.2440249
magv,0.2094308
P90cl_Tx_Obs,0.114173226
dia_prev,0.1067469
Cl_Tx_Mod,0.10672341
tsfc,0.06601973
ur2m,0.0535475
P90cl_Tx_Mod,0.03641851
sem_prev,0.034879476
Tx_Mod,0.028035585
OC_Candid,0.0
IOC_Mod,0.0
