Feature,Importance
sem_prev,0.05454545454545451
P90cl_Tx_Obs,0.04181818181818178
OC_Mod_Candid,0.03999999999999996
Cl_Tx_Mod,0.010909090909090874
P90cl_Tx_Mod,0.007272727272727253
Tx_Mod,0.0036363636363636264
IOC_Mod,0.0
magv,-0.005454545454545462
Cl_Tx_Obs,-0.02727272727272729
ur2m,-0.040000000000000015
tsfc,-0.04181818181818183
