Feature,Pearson_Corr_Tx_Obs,Abs_Pearson_Corr_Tx_Obs,Spearman_Corr_Tx_Obs,Abs_Spearman_Corr_Tx_Obs,Abs_Best_Corr
Cl_Tx_Obs,0.3386672297315256,0.3386672297315256,0.34557597096875264,0.34557597096875264,0.34557597096875264
P90cl_Tx_Obs,0.27071639441848233,0.27071639441848233,0.26836733732436463,0.26836733732436463,0.27071639441848233
magv,0.08756492492102114,0.08756492492102114,0.09984320019565443,0.09984320019565443,0.09984320019565443
tsfc,0.08448021711433039,0.08448021711433039,0.03831962127170954,0.03831962127170954,0.08448021711433039
Cl_Tx_Mod,-0.016128261302655145,0.016128261302655145,-0.05131867614854349,0.05131867614854349,0.05131867614854349
ur2m,0.032982263936069844,0.032982263936069844,0.019471391778530953,0.019471391778530953,0.032982263936069844
Tx_Mod,0.02016242114058496,0.02016242114058496,-0.010116054497540102,0.010116054497540102,0.02016242114058496
P90cl_Tx_Mod,-0.011398670338295964,0.011398670338295964,0.00043500362058192607,0.00043500362058192607,0.011398670338295964
