Feature,Pearson_Corr_Tx_Obs,Abs_Pearson_Corr_Tx_Obs,Spearman_Corr_Tx_Obs,Abs_Spearman_Corr_Tx_Obs,Abs_Best_Corr
Cl_Tx_Obs,0.3386672297315256,0.3386672297315256,0.34557597096875264,0.34557597096875264,0.34557597096875264
P90cl_Tx_Obs,0.27071639441848233,0.27071639441848233,0.26836733732436463,0.26836733732436463,0.27071639441848233
